{
  "version": "5.0",
  "n_splits": 5,
  "dataset": "chuneeb/ai-agent-cybersecurity-dataset-2026",
  "model": "all-MiniLM-L6-v2",
  "veredito": {
    "f1_direct": 0.8262,
    "f1_madhava": 0.8183,
    "f1_random": 0.6013,
    "f1_bound": 0.7955,
    "retention_pct": 99.05,
    "modulation_gain_vs_bound": 0.0228,
    "gain_vs_random": 0.217
  },
  "results": [
    {
      "train_size": 9278,
      "test_size": 2320,
      "K": 30,
      "scores_mean": {
        "direct": 0.4162,
        "random": 0.101,
        "bound": 0.9084,
        "madhava": 0.8592
      },
      "scores_std": {
        "direct": 0.2139,
        "random": 0.0256,
        "bound": 0.0327,
        "madhava": 0.0498
      },
      "methods": {
        "direct": {
          "threshold": 0.4209258258342743,
          "f1": 0.8178,
          "precision": 0.7742,
          "recall": 0.8666,
          "specificity": 0.8095,
          "mcc": 0.6699,
          "auc": 0.9105,
          "tp": 864,
          "fp": 252,
          "fn": 133,
          "tn": 1071,
          "n_pos": 997,
          "n_neg": 1323,
          "mse_vs_direct": 0.0,
          "spearman_vs_direct": 1.0
        },
        "random": {
          "threshold": 0.021336974576115608,
          "f1": 0.6011,
          "precision": 0.4297,
          "recall": 1.0,
          "specificity": 0.0,
          "mcc": 0.0,
          "auc": 0.413,
          "tp": 997,
          "fp": 1323,
          "fn": 0,
          "tn": 0,
          "n_pos": 997,
          "n_neg": 1323,
          "mse_vs_direct": 0.14755529165267944,
          "spearman_vs_direct": -0.1608
        },
        "bound": {
          "threshold": 0.9110149296002752,
          "f1": 0.7902,
          "precision": 0.7578,
          "recall": 0.8255,
          "specificity": 0.8012,
          "mcc": 0.6217,
          "auc": 0.885,
          "tp": 823,
          "fp": 263,
          "fn": 174,
          "tn": 1060,
          "n_pos": 997,
          "n_neg": 1323,
          "mse_vs_direct": 0.27645684115926655,
          "spearman_vs_direct": 0.9044
        },
        "madhava": {
          "threshold": 0.8600282627748067,
          "f1": 0.8115,
          "precision": 0.7653,
          "recall": 0.8636,
          "specificity": 0.8005,
          "mcc": 0.6578,
          "auc": 0.9018,
          "tp": 861,
          "fp": 264,
          "fn": 136,
          "tn": 1059,
          "n_pos": 997,
          "n_neg": 1323,
          "mse_vs_direct": 0.22375789518696276,
          "spearman_vs_direct": 0.9715
        }
      }
    },
    {
      "train_size": 9278,
      "test_size": 2320,
      "K": 30,
      "scores_mean": {
        "direct": 0.4174,
        "random": 0.1021,
        "bound": 0.9087,
        "madhava": 0.8583
      },
      "scores_std": {
        "direct": 0.2175,
        "random": 0.0259,
        "bound": 0.0332,
        "madhava": 0.0515
      },
      "methods": {
        "direct": {
          "threshold": 0.4068491458892822,
          "f1": 0.838,
          "precision": 0.7865,
          "recall": 0.8968,
          "specificity": 0.8162,
          "mcc": 0.7061,
          "auc": 0.9228,
          "tp": 895,
          "fp": 243,
          "fn": 103,
          "tn": 1079,
          "n_pos": 998,
          "n_neg": 1322,
          "mse_vs_direct": 0.0,
          "spearman_vs_direct": 1.0
        },
        "random": {
          "threshold": 0.021336974576115608,
          "f1": 0.6016,
          "precision": 0.4302,
          "recall": 1.0,
          "specificity": 0.0,
          "mcc": 0.0,
          "auc": 0.3908,
          "tp": 998,
          "fp": 1322,
          "fn": 0,
          "tn": 0,
          "n_pos": 998,
          "n_neg": 1322,
          "mse_vs_direct": 0.14930996298789978,
          "spearman_vs_direct": -0.1647
        },
        "bound": {
          "threshold": 0.9119313237906785,
          "f1": 0.8027,
          "precision": 0.7829,
          "recall": 0.8236,
          "specificity": 0.8275,
          "mcc": 0.6477,
          "auc": 0.8994,
          "tp": 822,
          "fp": 228,
          "fn": 176,
          "tn": 1094,
          "n_pos": 998,
          "n_neg": 1322,
          "mse_vs_direct": 0.2766278718762928,
          "spearman_vs_direct": 0.9074
        },
        "madhava": {
          "threshold": 0.8586558286284116,
          "f1": 0.8283,
          "precision": 0.7882,
          "recall": 0.8727,
          "specificity": 0.823,
          "mcc": 0.6897,
          "auc": 0.9154,
          "tp": 871,
          "fp": 234,
          "fn": 127,
          "tn": 1088,
          "n_pos": 998,
          "n_neg": 1322,
          "mse_vs_direct": 0.22249052595812982,
          "spearman_vs_direct": 0.973
        }
      }
    },
    {
      "train_size": 9278,
      "test_size": 2320,
      "K": 30,
      "scores_mean": {
        "direct": 0.4193,
        "random": 0.1017,
        "bound": 0.9097,
        "madhava": 0.8595
      },
      "scores_std": {
        "direct": 0.2155,
        "random": 0.0262,
        "bound": 0.0325,
        "madhava": 0.0508
      },
      "methods": {
        "direct": {
          "threshold": 0.4098542630672455,
          "f1": 0.827,
          "precision": 0.7733,
          "recall": 0.8888,
          "specificity": 0.8033,
          "mcc": 0.6854,
          "auc": 0.9158,
          "tp": 887,
          "fp": 260,
          "fn": 111,
          "tn": 1062,
          "n_pos": 998,
          "n_neg": 1322,
          "mse_vs_direct": 0.0,
          "spearman_vs_direct": 1.0
        },
        "random": {
          "threshold": 0.021336974576115608,
          "f1": 0.6016,
          "precision": 0.4302,
          "recall": 1.0,
          "specificity": 0.0,
          "mcc": 0.0,
          "auc": 0.4119,
          "tp": 998,
          "fp": 1322,
          "fn": 0,
          "tn": 0,
          "n_pos": 998,
          "n_neg": 1322,
          "mse_vs_direct": 0.1493920534849167,
          "spearman_vs_direct": -0.1279
        },
        "bound": {
          "threshold": 0.9133492230832635,
          "f1": 0.7988,
          "precision": 0.779,
          "recall": 0.8196,
          "specificity": 0.8245,
          "mcc": 0.6407,
          "auc": 0.8942,
          "tp": 818,
          "fp": 232,
          "fn": 180,
          "tn": 1090,
          "n_pos": 998,
          "n_neg": 1322,
          "mse_vs_direct": 0.2753510653147909,
          "spearman_vs_direct": 0.9062
        },
        "madhava": {
          "threshold": 0.8609539844231726,
          "f1": 0.8151,
          "precision": 0.7773,
          "recall": 0.8567,
          "specificity": 0.8147,
          "mcc": 0.6657,
          "auc": 0.9088,
          "tp": 855,
          "fp": 245,
          "fn": 143,
          "tn": 1077,
          "n_pos": 998,
          "n_neg": 1322,
          "mse_vs_direct": 0.22150519369520205,
          "spearman_vs_direct": 0.973
        }
      }
    },
    {
      "train_size": 9279,
      "test_size": 2319,
      "K": 30,
      "scores_mean": {
        "direct": 0.4139,
        "random": 0.1015,
        "bound": 0.9089,
        "madhava": 0.8576
      },
      "scores_std": {
        "direct": 0.2162,
        "random": 0.0257,
        "bound": 0.0324,
        "madhava": 0.0514
      },
      "methods": {
        "direct": {
          "threshold": 0.41437244415283203,
          "f1": 0.8283,
          "precision": 0.7875,
          "recall": 0.8736,
          "specificity": 0.8222,
          "mcc": 0.6897,
          "auc": 0.9207,
          "tp": 871,
          "fp": 235,
          "fn": 126,
          "tn": 1087,
          "n_pos": 997,
          "n_neg": 1322,
          "mse_vs_direct": 0.0,
          "spearman_vs_direct": 1.0
        },
        "random": {
          "threshold": 0.021336974576115608,
          "f1": 0.6013,
          "precision": 0.4299,
          "recall": 1.0,
          "specificity": 0.0,
          "mcc": 0.0,
          "auc": 0.4174,
          "tp": 997,
          "fp": 1322,