{
  "N=1000": {
    "N": 1000,
    "dim": 128,
    "flatip": {
      "ndcg": 1.0,
      "lat_ms": 0.04935264587402344,
      "recall": 1.0
    },
    "hnsw_32": {
      "ndcg": 0.985485258535756,
      "lat_ms": 0.08489290873209636,
      "recall": 0.9800000000000001
    },
    "hnsw_64": {
      "ndcg": 1.0,
      "lat_ms": 0.10965665181477864,
      "recall": 1.0
    },
    "hnsw_128": {
      "ndcg": 1.0,
      "lat_ms": 0.15433629353841147,
      "recall": 1.0
    },
    "ivf_1": {
      "ndcg": 0.17028568648002937,
      "lat_ms": 0.03883043924967448,
      "recall": 0.1
    },
    "ivf_10": {
      "ndcg": 0.7629435080153696,
      "lat_ms": 0.048510233561197914,
      "recall": 0.6533333333333332
    },
    "ivf_20": {
      "ndcg": 0.959212458186968,
      "lat_ms": 0.05726814270019531,
      "recall": 0.9333333333333335
    },
    "pq_8": {
      "ndcg": 0.4107483091897625,
      "lat_ms": 0.06993611653645833,
      "recall": 0.4000000000000001
    },
    "pq_16": {
      "ndcg": 0.5903038087586636,
      "lat_ms": 0.0564416249593099,
      "recall": 0.49333333333333335
    },
    "madhava": {
      "ndcg": 0.9170056879369991,
      "lat_ms": 0.41421254475911456,
      "recall": 0.8733333333333334,
      "n1": 1000.0,
      "alpha": 0.5338528707095175,
      "viol": {
        "8D": 0,
        "64D": 0
      },
      "viol_rate": {
        "8D": 0.0,
        "64D": 0.0
      },
      "build_s": 0.016321659088134766
    }
  },
  "N=5000": {
    "N": 5000,
    "dim": 128,
    "flatip": {
      "ndcg": 1.0,
      "lat_ms": 0.1739660898844401,
      "recall": 1.0
    },
    "hnsw_32": {
      "ndcg": 0.8863657786241207,
      "lat_ms": 0.19547144571940103,
      "recall": 0.8333333333333335
    },
    "hnsw_64": {
      "ndcg": 0.9666822200485453,
      "lat_ms": 0.2829710642496745,
      "recall": 0.9466666666666668
    },
    "hnsw_128": {
      "ndcg": 1.0,
      "lat_ms": 0.38658777872721356,
      "recall": 1.0
    },
    "ivf_1": {
      "ndcg": 0.18909289163910054,
      "lat_ms": 0.049336751302083336,
      "recall": 0.10000000000000002
    },
    "ivf_10": {
      "ndcg": 0.58024695973741,
      "lat_ms": 0.08920033772786458,
      "recall": 0.44000000000000006
    },
    "ivf_20": {
      "ndcg": 0.7156873078010552,
      "lat_ms": 0.11183420817057292,
      "recall": 0.5999999999999999
    },
    "pq_8": {
      "ndcg": 0.2146381806275433,
      "lat_ms": 0.14287630716959634,
      "recall": 0.19333333333333336
    },
    "pq_16": {
      "ndcg": 0.4362783450272268,
      "lat_ms": 0.13298988342285156,
      "recall": 0.36666666666666664
    },
    "madhava": {
      "ndcg": 0.697068553622989,
      "lat_ms": 0.5572001139322916,
      "recall": 0.5733333333333334,
      "n1": 2000.0,
      "alpha": 0.5345329239124388,
      "viol": {
        "8D": 0,
        "64D": 0
      },
      "viol_rate": {
        "8D": 0.0,
        "64D": 0.0
      },
      "build_s": 0.0076138973236083984
    }
  },
  "N=10000": {
    "N": 10000,
    "dim": 128,
    "flatip": {
      "ndcg": 1.0,
      "lat_ms": 9.468952814737955,
      "recall": 1.0
    },
    "hnsw_32": {
      "ndcg": 0.850747732705486,
      "lat_ms": 0.25534629821777344,
      "recall": 0.7733333333333334
    },
    "hnsw_64": {
      "ndcg": 0.9310983707218667,
      "lat_ms": 0.4062970479329427,
      "recall": 0.8933333333333334
    },
    "hnsw_128": {
      "ndcg": 0.9917215880300703,
      "lat_ms": 0.5174477895100912,
      "recall": 0.9866666666666667
    },
    "ivf_1": {
      "ndcg": 0.18908983117089337,
      "lat_ms": 0.05394617716471354,
      "recall": 0.09333333333333334
    },
    "ivf_10": {
      "ndcg": 0.541369551642876,
      "lat_ms": 0.10021527608235677,
      "recall": 0.37999999999999995
    },
    "ivf_20": {
      "ndcg": 0.6942758041106134,
      "lat_ms": 0.1320362091064453,
      "recall": 0.5666666666666668
    },
    "pq_8": {
      "ndcg": 0.21163678241375575,
      "lat_ms": 0.21654764811197916,
      "recall": 0.18666666666666668
    },
    "pq_16": {
      "ndcg": 0.42042166876292647,
      "lat_ms": 0.24174054463704428,
      "recall": 0.3266666666666666
    },
    "madhava": {
      "ndcg": 0.5470099123830058,
      "lat_ms": 0.6629467010498047,
      "recall": 0.4000000000000001,
      "n1": 2000.0,
      "alpha": 0.534486654668203,
      "viol": {
        "8D": 0,
        "64D": 0
      },
      "viol_rate": {
        "8D": 0.0,
        "64D": 0.0
      },
      "build_s": 0.009401082992553711
    }
  },
  "N=50000": {
    "N": 50000,
    "dim": 128,
    "flatip": {
      "ndcg": 1.0,
      "lat_ms": 7.175254821777344,
      "recall": 1.0
    },
    "hnsw_32": {
      "ndcg": 0.6137189046594372,
      "lat_ms": 0.4066308339436849,
      "recall": 0.4733333333333333
    },
    "hnsw_64": {
      "ndcg": 0.7122141525518622,
      "lat_ms": 0.6610552469889323,
      "recall": 0.5933333333333334
    },
    "hnsw_128": {
      "ndcg": 0.8510020768933916,
      "lat_ms": 1.0904630025227864,
      "recall": 0.7800000000000001
    },
    "ivf_1": {
      "ndcg": 0.11842385631079651,
      "lat_ms": 0.08921623229980469,
      "recall": 0.060000000000000005
    },
    "ivf_10": {
      "ndcg": 0.3153391013060221,
      "lat_ms": 0.19628206888834634,
      "recall": 0.18666666666666668
    },
    "ivf_20": {
      "ndcg": 0.540763911279838,
      "lat_ms": 0.3073692321777344,
      "recall": 0.38666666666666666
    },
    "pq_8": {
      "ndcg": 0.11762831939974719,
      "lat_ms": 0.7526238759358724,
      "recall": 0.09333333333333334
    },
    "pq_16": {
      "ndcg": 0.34731696594160233,
      "lat_ms": 0.953515370686849,
      "recall": 0.26666666666666666
    },
    "madhava": {
      "ndcg": 0.4274570526524695,
      "lat_ms": 3.1623045603434243,
      "recall": 0.28,
      "n1": 10000.0,
      "alpha": 0.5344888498030571,
      "viol": {
        "8D": 0,
        "64D": 0
      },
      "viol_rate": {
        "8D": 0.0,
        "64D": 0.0
      },
      "build_s": 0.052037715911865234
    }
  }
}