{
  "version": "ext1.0",
  "timestamp": "2026-06-30 22:48:00",
  "description": "Near-tie on real data + Numba-JIT Madhava + Annoy baseline",
  "note_annoy": "Annoy uses angular distance (equivalent to cosine)",
  "note_scann": "ScaNN/DiskANN not available \u2014 requires TensorFlow or custom C++ build",
  "results": {
    "near_tie_real": {
      "SIFT-1M (50K)_near_tie": {
        "n_queries": 200,
        "avg_cos_rho": 1.0,
        "avg_h4_rho": -0.004124201380015338,
        "avg_gain": -1.0041242013800153,
        "n_better": 0,
        "n_worse": 200
      },
      "SIFT-1M (50K)_needle": {
        "n_needles": 125,
        "avg_cos_rank": 19.08,
        "avg_h4_rank": 19.824,
        "cos_mrr": 0.17447077088551097,
        "h4_mrr": 0.17046518986391881
      },
      "News Category_near_tie": {
        "n_queries": 16,
        "avg_cos_rho": 1.0,
        "avg_h4_rho": 0.9024293414918414,
        "avg_gain": -0.09757065850815849,
        "n_better": 0,
        "n_worse": 15
      },
      "News Category_needle": {
        "n_needles": 104,
        "avg_cos_rank": 7.634615384615385,
        "avg_h4_rank": 7.6923076923076925,
        "cos_mrr": 0.2517089282752141,
        "h4_mrr": 0.2661726132545507
      }
    },
    "annoy_comparison": {
      "annoy_10": {
        "ndcg_mean": 0.6318908097109392,
        "ndcg_std": 0.19331519870727298,
        "recall_mean": 0.48200000000000004,
        "recall_std": 0.2401582811397517,
        "mean_ms": 0.015003681182861328,
        "median_ms": 0.014543533325195312,
        "min_ms": 0.008821487426757812,
        "max_ms": 0.04673004150390625,
        "p95_ms": 0.021255016326904293,
        "p99_ms": 0.028319358825683687,
        "std_ms": 0.004750606704154133,
        "build_s": 0.14869213104248047
      },
      "annoy_50": {
        "ndcg_mean": 0.848224089669959,
        "ndcg_std": 0.14175088709818642,
        "recall_mean": 0.7659999999999999,
        "recall_std": 0.20455806021763112,
        "mean_ms": 0.05898714065551758,
        "median_ms": 0.05745887756347656,
        "min_ms": 0.03695487976074219,
        "max_ms": 0.10633468627929688,
        "p95_ms": 0.08851289749145508,
        "p99_ms": 0.09948968887329106,
        "std_ms": 0.011548819518926657,
        "build_s": 0.20329594612121582
      },
      "annoy_100": {
        "ndcg_mean": 0.9121124844018749,
        "ndcg_std": 0.09467024265618508,
        "recall_mean": 0.8590000000000001,
        "recall_std": 0.14566742944117606,
        "mean_ms": 0.11645078659057617,
        "median_ms": 0.11265277862548828,
        "min_ms": 0.06818771362304688,
        "max_ms": 0.19979476928710938,
        "p95_ms": 0.1621127128601074,
        "p99_ms": 0.1858687400817872,
        "std_ms": 0.022482815248897097,
        "build_s": 0.30225706100463867
      },
      "annoy_200": {
        "ndcg_mean": 0.9546870100975055,
        "ndcg_std": 0.06831037709621517,
        "recall_mean": 0.9260000000000003,
        "recall_std": 0.10919706955774958,
        "mean_ms": 0.24400949478149414,
        "median_ms": 0.2372264862060547,
        "min_ms": 0.1304149627685547,
        "max_ms": 0.4315376281738281,
        "p95_ms": 0.3528475761413574,
        "p99_ms": 0.402505397796631,
        "std_ms": 0.051695321115179126,
        "build_s": 0.516470193862915
      },
      "hnsw_ef64": {
        "ndcg_mean": 0.9988711861045254,
        "recall_mean": 0.998,
        "mean_ms": 0.08515596389770508,
        "median_ms": 0.08571147918701172,
        "min_ms": 0.05030632019042969,
        "max_ms": 0.15401840209960938,
        "p95_ms": 0.10985136032104491,
        "p99_ms": 0.12050151824951189,
        "std_ms": 0.017253041662345953,
        "build_s": 0.47982239723205566
      },
      "hnsw_ef128": {
        "ndcg_mean": 1.0,
        "recall_mean": 1.0,
        "mean_ms": 0.08409261703491211,
        "median_ms": 0.08392333984375,
        "min_ms": 0.050067901611328125,
        "max_ms": 0.1728534698486328,
        "p95_ms": 0.10802745819091797,
        "p99_ms": 0.11408090591430695,
        "std_ms": 0.017059288179203012,
        "build_s": 0.48430681228637695
      },
      "hnsw_ef256": {
        "ndcg_mean": 1.0,
        "recall_mean": 1.0,
        "mean_ms": 0.19686222076416016,
        "median_ms": 0.1741647720336914,
        "min_ms": 0.08606910705566406,
        "max_ms": 0.38504600524902344,
        "p95_ms": 0.3093600273132324,
        "p99_ms": 0.36639928817749035,
        "std_ms": 0.06348319442398863,
        "build_s": 0.4789552688598633
      },
      "madhava_64_128": {
        "ndcg_mean": 1.0,
        "recall_mean": 1.0,
        "mean_ms": 1.0315585136413574,
        "median_ms": 0.906825065612793,
        "min_ms": 0.8113384246826172,
        "max_ms": 5.163908004760742,
        "p95_ms": 1.7657756805419922,
        "p99_ms": 4.648880958557132,
        "std_ms": 0.5920848121422916,
        "build_s": 0.09366798400878906
      },
      "madhava_32_64": {
        "ndcg_mean": 1.0,
        "recall_mean": 1.0,
        "mean_ms": 0.9468483924865723,
        "median_ms": 0.8974075317382812,
        "min_ms": 0.7603168487548828,
        "max_ms": 2.2966861724853516,
        "p95_ms": 1.1359691619873042,
        "p99_ms": 2.0920443534851083,
        "std_ms": 0.2104448305429476,
        "build_s": 0.061478614807128906
      },
      "flatip": {
        "ndcg_mean": 1.0,
        "recall_mean": 1.0,
        "mean_ms": 0.643613338470459,
        "median_ms": 0.6191730499267578,
        "min_ms": 0.6093978881835938,
        "max_ms": 1.4522075653076172,
        "p95_ms": 0.7583141326904297,
        "p99_ms": 1.3533091545104985,
        "std_ms": 0.11411750062775228,
        "build_s": 0.04538297653198242
      }
    }
  }
}